"1",Morty,""
"2","Scruffy Morty","https://vignette.wikia.nocookie.net/rickandmorty/images/1/16/PM-002.png/revision/latest/scale-to-width-down/150?cb=20160914045254"
"3","Unkempt Morty","https://vignette.wikia.nocookie.net/rickandmorty/images/3/37/PM-003.png/revision/latest/scale-to-width-down/150?cb=20160914045342"
"4","Hobo Morty","https://vignette.wikia.nocookie.net/rickandmorty/images/4/4a/PM-004.png/revision/latest/scale-to-width-down/150?cb=20160914045601"
"5","Old Morty","https://vignette.wikia.nocookie.net/rickandmorty/images/a/a3/PM-005.png/revision/latest/scale-to-width-down/150?cb=20160916013344"
"6","Geriatric Morty","https://vignette.wikia.nocookie.net/rickandmorty/images/8/87/PM-006.png/revision/latest/scale-to-width-down/150?cb=20160916013514"
"7","Ancient Morty","https://vignette.wikia.nocookie.net/rickandmorty/images/5/53/PM-007.png/revision/latest/scale-to-width-down/150?cb=20160916013529"
"8","Rabbit Morty","https://vignette.wikia.nocookie.net/rickandmorty/images/d/d4/PM-008.png/revision/latest/scale-to-width-down/150?cb=20160916013858"
"9","Evil Rabbit Morty","https://vignette.wikia.nocookie.net/rickandmorty/images/f/f1/PM-009.png/revision/latest/scale-to-width-down/150?cb=20160916013909"
"10","No Eye Morty","https://vignette.wikia.nocookie.net/rickandmorty/images/c/cb/PM-010.png/revision/latest/scale-to-width-down/150?cb=20160916014336"
"11","One Eye Morty","https://vignette.wikia.nocookie.net/rickandmorty/images/2/2b/PM-011.png/revision/latest/scale-to-width-down/150?cb=20160916014412"
"12","Three Eye Morty","https://vignette.wikia.nocookie.net/rickandmorty/images/3/38/PM-012.png/revision/latest/scale-to-width-down/150?cb=20160916014432"
"13","Test X1 Morty","https://vignette.wikia.nocookie.net/rickandmorty/images/2/20/PM-013.png/revision/latest/scale-to-width-down/150?cb=20160916015108"
"14","Test X46 Morty","https://vignette.wikia.nocookie.net/rickandmorty/images/2/20/PM-014.png/revision/latest/scale-to-width-down/150?cb=20160916015202"
"15","Test X72 Morty","https://vignette.wikia.nocookie.net/rickandmorty/images/6/6a/PM-015.png/revision/latest/scale-to-width-down/150?cb=20160916015244"
"16","Self Defense Morty","https://vignette.wikia.nocookie.net/rickandmorty/images/f/fe/PM-016.png/revision/latest/scale-to-width-down/150?cb=20160923015938"
"17","Karate Morty","https://vignette.wikia.nocookie.net/rickandmorty/images/1/13/PM-017.png/revision/latest/scale-to-width-down/150?cb=20160923020025"
"18","No Mercy Morty","https://vignette.wikia.nocookie.net/rickandmorty/images/9/96/PM-018.png/revision/latest/scale-to-width-down/150?cb=20160923020107"
"19","Mustache Morty","https://vignette.wikia.nocookie.net/rickandmorty/images/a/a3/PM-019.png/revision/latest/scale-to-width-down/150?cb=20160923020214"
"20","Beard Morty","https://vignette.wikia.nocookie.net/rickandmorty/images/2/2b/PM-020.png/revision/latest/scale-to-width-down/150?cb=20160923020242"
"21","Hipster Morty","https://vignette.wikia.nocookie.net/rickandmorty/images/5/5a/PM-021.png/revision/latest/scale-to-width-down/150?cb=20160923020419"
"22","Ad Space Morty","https://vignette.wikia.nocookie.net/rickandmorty/images/8/81/PM-022.png/revision/latest/scale-to-width-down/150?cb=20160923020449"
"23","Jerry's Game Morty","https://vignette.wikia.nocookie.net/rickandmorty/images/6/6c/PM-023.png/revision/latest/scale-to-width-down/150?cb=20160923020537"
"24","Pocket Mortys Morty","https://vignette.wikia.nocookie.net/rickandmorty/images/b/b8/PM-024.png/revision/latest/scale-to-width-down/150?cb=20160923020620"
"25","Blue Shirt Morty","https://vignette.wikia.nocookie.net/rickandmorty/images/e/e4/Blue_shirt_morty.PNG/revision/latest?cb=20160116041831"
"26","Red Shirt Morty","https://vignette.wikia.nocookie.net/rickandmorty/images/1/1b/PM-026.png/revision/latest/scale-to-width-down/150?cb=20160916015944"
"27","Orange Shirt Morty","https://vignette.wikia.nocookie.net/rickandmorty/images/3/35/PM-027.png/revision/latest/scale-to-width-down/150?cb=20160916020053"
"28","Green Shirt Morty","https://vignette.wikia.nocookie.net/rickandmorty/images/f/f2/PM-028.png/revision/latest/scale-to-width-down/150?cb=20160916020333"
"29","Purple Shirt Morty","https://vignette.wikia.nocookie.net/rickandmorty/images/3/3b/PM-029.png/revision/latest/scale-to-width-down/150?cb=20160916020346"
"30","Rainbow Shirt Morty","https://vignette.wikia.nocookie.net/rickandmorty/images/a/ac/PM-030.png/revision/latest/scale-to-width-down/150?cb=20160510021017"
"31","Exo-Alpha Morty","https://vignette.wikia.nocookie.net/rickandmorty/images/7/77/PM-031.png/revision/latest/scale-to-width-down/150?cb=20160914044539"
"32","Exo-Omega Morty","https://vignette.wikia.nocookie.net/rickandmorty/images/6/62/PM-032.png/revision/latest/scale-to-width-down/150?cb=20160916023355"
"33","Exo-Prime Morty","https://vignette.wikia.nocookie.net/rickandmorty/images/8/8f/PM-033.png/revision/latest/scale-to-width-down/150?cb=20160916023448"
"34","Spoon Morty","https://vignette.wikia.nocookie.net/rickandmorty/images/a/a5/PM-034.png/revision/latest/scale-to-width-down/150?cb=20160916023527"
"35","Fork Morty","https://vignette.wikia.nocookie.net/rickandmorty/images/6/6f/PM-035.png/revision/latest/scale-to-width-down/150?cb=20160916023626"
"36","Spork Morty","https://vignette.wikia.nocookie.net/rickandmorty/images/1/17/PM-036.png/revision/latest/scale-to-width-down/150?cb=20160916023650"
"37","Peace Morty","https://vignette.wikia.nocookie.net/rickandmorty/images/1/11/PM-037.png/revision/latest/scale-to-width-down/150?cb=20160904130959"
"38","Hippie Morty","https://vignette.wikia.nocookie.net/rickandmorty/images/8/85/PM-038.png/revision/latest/scale-to-width-down/150?cb=20160904130715"
"39","Off The Grid Morty","https://vignette.wikia.nocookie.net/rickandmorty/images/5/53/PM-039.png/revision/latest/scale-to-width-down/150?cb=20160904131104"
"40","Big Head Morty","https://vignette.wikia.nocookie.net/rickandmorty/images/0/0c/Citadel_Morty_Big_Head.png/revision/latest?cb=20170608121407"
"41","Giant Head Morty","https://vignette.wikia.nocookie.net/rickandmorty/images/8/8a/PM-041.png/revision/latest/scale-to-width-down/150?cb=20160916023947"
"42","Colossal Head Morty","https://vignette.wikia.nocookie.net/rickandmorty/images/b/b3/PM-042.png/revision/latest/scale-to-width-down/150?cb=20160916024059"
"43","Spooky Morty","https://vignette.wikia.nocookie.net/rickandmorty/images/9/9b/PM-043.png/revision/latest/scale-to-width-down/150?cb=20160916020737"
"44","Ghostly Morty","https://vignette.wikia.nocookie.net/rickandmorty/images/4/49/PM-044.png/revision/latest/scale-to-width-down/150?cb=20160605234848"
"45","Phantom Morty","https://vignette.wikia.nocookie.net/rickandmorty/images/9/9b/PM-045.png/revision/latest/scale-to-width-down/150?cb=20160916020747"
"46","Double Morty","https://vignette.wikia.nocookie.net/rickandmorty/images/4/40/PM-046.png/revision/latest/scale-to-width-down/150?cb=20160504180136"
"47","Triple Morty","https://vignette.wikia.nocookie.net/rickandmorty/images/b/b6/PM-047.png/revision/latest/scale-to-width-down/150?cb=20160916024255"
"48","Multi Morty","https://vignette.wikia.nocookie.net/rickandmorty/images/5/50/PM-048.png/revision/latest/scale-to-width-down/150?cb=20160916024349"
"49","Greaser Morty","https://vignette.wikia.nocookie.net/rickandmorty/images/0/02/PM-049.png/revision/latest/scale-to-width-down/150?cb=20160916024440"
"50","Biker Morty","https://vignette.wikia.nocookie.net/rickandmorty/images/8/84/PM-050.png/revision/latest/scale-to-width-down/150?cb=20160916024531"
"51","Stray Cat Morty","https://vignette.wikia.nocookie.net/rickandmorty/images/d/db/PM-051.png/revision/latest/scale-to-width-down/150?cb=20160916024602"
"52","Two Cat Morty","https://vignette.wikia.nocookie.net/rickandmorty/images/b/b5/PM-052.png/revision/latest/scale-to-width-down/150?cb=20160916024653"
"53","Crazy Cat Morty","https://vignette.wikia.nocookie.net/rickandmorty/images/9/91/PM-053.png/revision/latest/scale-to-width-down/150?cb=20160916024713"
"54","Buff Morty","https://vignette.wikia.nocookie.net/rickandmorty/images/0/03/PM-054.png/revision/latest/scale-to-width-down/150?cb=20160916024733"
"55","Wrestler Morty","https://vignette.wikia.nocookie.net/rickandmorty/images/c/c5/PM-055.png/revision/latest/scale-to-width-down/150?cb=20160916024837"
"56","Veiny Morty","https://vignette.wikia.nocookie.net/rickandmorty/images/1/15/PM-056.png/revision/latest/scale-to-width-down/150?cb=20160916024857"
"57","No Skin Morty","https://vignette.wikia.nocookie.net/rickandmorty/images/e/e4/PM-057.png/revision/latest/scale-to-width-down/150?cb=20160916024926"
"58","Skeleton Morty","https://vignette.wikia.nocookie.net/rickandmorty/images/8/83/PM-058.png/revision/latest/scale-to-width-down/150?cb=20160916025020"
"59","Magic Morty","https://vignette.wikia.nocookie.net/rickandmorty/images/0/04/PM-059.png/revision/latest/scale-to-width-down/150?cb=20160916025053"
"60","Mystic Morty","https://vignette.wikia.nocookie.net/rickandmorty/images/8/8e/PM-060.png/revision/latest/scale-to-width-down/150?cb=20160916025117"
"61","Wizard Morty","https://vignette.wikia.nocookie.net/rickandmorty/images/9/99/PM-061.png/revision/latest/scale-to-width-down/150?cb=20160916025305"
"62","Telepathic Morty","https://vignette.wikia.nocookie.net/rickandmorty/images/6/6e/PM-062.png/revision/latest/scale-to-width-down/150?cb=20160916025420"
"63","Telekinetic Morty","https://vignette.wikia.nocookie.net/rickandmorty/images/2/29/PM-063.png/revision/latest/scale-to-width-down/150?cb=20160916025453"
"64","Psychokinetic Morty","https://vignette.wikia.nocookie.net/rickandmorty/images/f/f7/PM-064.png/revision/latest/scale-to-width-down/150?cb=20160916025556"
"65","Swimmer Morty","https://vignette.wikia.nocookie.net/rickandmorty/images/f/fb/PM-065.png/revision/latest/scale-to-width-down/150?cb=20160916025625"
"66","Mermaid Morty","https://vignette.wikia.nocookie.net/rickandmorty/images/3/30/PM-066.png/revision/latest/scale-to-width-down/150?cb=20160916025652"
"67","Reverse Mermaid Morty","https://vignette.wikia.nocookie.net/rickandmorty/images/f/fc/PM-067.png/revision/latest/scale-to-width-down/150?cb=20160916025802"
"68","Business Morty","https://vignette.wikia.nocookie.net/rickandmorty/images/0/0c/PM-068.png/revision/latest/scale-to-width-down/150?cb=20160916025826"
"69","Gaseous Morty","https://vignette.wikia.nocookie.net/rickandmorty/images/0/03/PM-069.png/revision/latest/scale-to-width-down/150?cb=20160916025853"
"70","Sausage Morty","https://vignette.wikia.nocookie.net/rickandmorty/images/b/b3/PM-070.png/revision/latest/scale-to-width-down/150?cb=20160916025955"
"71","Shadow Morty","https://vignette.wikia.nocookie.net/rickandmorty/images/f/f9/PM-071.png/revision/latest/scale-to-width-down/150?cb=20160903125217"
"72","Aqua Morty","https://vignette.wikia.nocookie.net/rickandmorty/images/b/b4/Screenshot_2016-11-21_at_1.08.47_PM.png/revision/latest?cb=20161121230822"
"73","Cyclops Morty","https://vignette.wikia.nocookie.net/rickandmorty/images/8/8f/Cyclops_Morty.png/revision/latest?cb=20150917151108"
"74","Mini Morty","https://vignette.wikia.nocookie.net/rickandmorty/images/d/db/PM-074.png/revision/latest/scale-to-width-down/150?cb=20160916030140"
"75","Cowboy Morty","https://vignette.wikia.nocookie.net/rickandmorty/images/4/45/Cowboy_Morty.PNG/revision/latest?cb=20150902183630"
"76","Robot Morty","https://vignette.wikia.nocookie.net/rickandmorty/images/5/55/Robot_Morty.png/revision/latest?cb=20150917152121"
"77","Hammerhead Morty","https://vignette.wikia.nocookie.net/rickandmorty/images/e/e7/Hammer_Morty.png/revision/latest/scale-to-width-down/250?cb=20160911022320"
"78","Guard Morty","https://vignette.wikia.nocookie.net/rickandmorty/images/3/3c/PM-078.png/revision/latest/scale-to-width-down/150?cb=20160916030236"
"79","Cronenberg Morty","https://vignette.wikia.nocookie.net/rickandmorty/images/c/c5/Cronenberg_Morty.png/revision/latest/scale-to-width-down/250?cb=20160910184619"
"80","Mascot Morty","https://vignette.wikia.nocookie.net/rickandmorty/images/a/ab/PM-080.png/revision/latest/scale-to-width-down/150?cb=20160916030351"
"81","Egg Morty","https://vignette.wikia.nocookie.net/rickandmorty/images/0/0c/PM-081.png/revision/latest/scale-to-width-down/150?cb=20160118235156"
"82","The One True Morty","https://vignette.wikia.nocookie.net/rickandmorty/images/b/bd/PM-082.png/revision/latest/scale-to-width-down/150?cb=20160904110645"
"83","V Neck Morty","https://vignette.wikia.nocookie.net/rickandmorty/images/5/53/PM-083.png/revision/latest/scale-to-width-down/150?cb=20160903130247"
"84","Tank Top Morty","https://vignette.wikia.nocookie.net/rickandmorty/images/c/c6/PM-084.png/revision/latest/scale-to-width-down/150?cb=20160526223706"
"85","Mullet Morty","https://vignette.wikia.nocookie.net/rickandmorty/images/6/60/PM-085.png/revision/latest/scale-to-width-down/150?cb=20160528004957"
"86","Chops Morty","https://vignette.wikia.nocookie.net/rickandmorty/images/c/cd/PM-086.png/revision/latest/scale-to-width-down/150?cb=20160528004353"
"87","Afro Morty","https://vignette.wikia.nocookie.net/rickandmorty/images/b/be/PM-087.png/revision/latest/scale-to-width-down/150?cb=20160528004936"
"88","Tired Morty","https://vignette.wikia.nocookie.net/rickandmorty/images/e/ec/PM-088.png/revision/latest/scale-to-width-down/150?cb=20160606000548"
"89","Sleepy Morty","https://vignette.wikia.nocookie.net/rickandmorty/images/2/26/PM-089.png/revision/latest/scale-to-width-down/150?cb=20160606000614"
"90","Asleep Morty","https://vignette.wikia.nocookie.net/rickandmorty/images/7/74/PM-090.png/revision/latest/scale-to-width-down/150?cb=20160606000634"
"91","Hot Morty","https://vignette.wikia.nocookie.net/rickandmorty/images/c/c6/PM-091.png/revision/latest/scale-to-width-down/150?cb=20160510013457"
"92","Flaming Morty","https://vignette.wikia.nocookie.net/rickandmorty/images/a/a1/PM-092.png/revision/latest/scale-to-width-down/150?cb=20160510013037"
"93","Cold Morty","https://vignette.wikia.nocookie.net/rickandmorty/images/1/1e/PM-093.png/revision/latest/scale-to-width-down/150?cb=20160510021041"
"94","Frozen Morty","https://vignette.wikia.nocookie.net/rickandmorty/images/f/fe/PM-094.png/revision/latest/scale-to-width-down/150?cb=20160510021247"
"95","Flu Morty","https://vignette.wikia.nocookie.net/rickandmorty/images/4/43/PM-095.png/revision/latest/scale-to-width-down/150?cb=20160510061949"
"96","Mutant Flu Morty","https://vignette.wikia.nocookie.net/rickandmorty/images/f/f3/PM-096.png/revision/latest/scale-to-width-down/150?cb=20160510062009"
"97","Diamond Eyes Morty","https://vignette.wikia.nocookie.net/rickandmorty/images/2/27/PM-097.png/revision/latest/scale-to-width-down/150?cb=20160916030628"
"98","Cocoon Morty","https://vignette.wikia.nocookie.net/rickandmorty/images/b/b4/PM-098.png/revision/latest/scale-to-width-down/150?cb=20160904122119"
"99","Butterfly Morty","https://vignette.wikia.nocookie.net/rickandmorty/images/3/3c/PM-099.png/revision/latest/scale-to-width-down/150?cb=20160916031000"
"100","Punk Morty","https://vignette.wikia.nocookie.net/rickandmorty/images/a/aa/PM-100.png/revision/latest/scale-to-width-down/150?cb=20160602000006"
"101","Big Tongue Morty","https://vignette.wikia.nocookie.net/rickandmorty/images/f/f7/PM-101.png/revision/latest/scale-to-width-down/150?cb=20160602000105"
"102","Pizza Morty","https://vignette.wikia.nocookie.net/rickandmorty/images/7/7c/PM-102.png/revision/latest/scale-to-width-down/150?cb=20160916031105"
"103","Mushroom Pizza Morty","https://vignette.wikia.nocookie.net/rickandmorty/images/f/f7/PM-103.png/revision/latest/scale-to-width-down/150?cb=20160916031122"
"104","Pepperoni Pizza Morty","https://vignette.wikia.nocookie.net/rickandmorty/images/4/45/PM-104.png/revision/latest/scale-to-width-down/150?cb=20160916031145"
"105","Unicorn Chaser Morty","https://vignette.wikia.nocookie.net/rickandmorty/images/e/e4/PM-105.png/revision/latest/scale-to-width-down/150?cb=20160904133631"
"106","Unicorn Morty","https://vignette.wikia.nocookie.net/rickandmorty/images/8/83/PM-106.png/revision/latest/scale-to-width-down/150?cb=20160904133548"
"107","Super Unicorn Morty","https://vignette.wikia.nocookie.net/rickandmorty/images/d/d4/PM-107.png/revision/latest/scale-to-width-down/150?cb=20160904133231"
"108","Moon Morty","https://vignette.wikia.nocookie.net/rickandmorty/images/e/e4/PM-108.png/revision/latest/scale-to-width-down/150?cb=20160605235733"
"109","Sun Morty","https://vignette.wikia.nocookie.net/rickandmorty/images/0/08/PM-109.png/revision/latest/scale-to-width-down/150?cb=20160605235750"
"110","Black Hole Morty","https://vignette.wikia.nocookie.net/rickandmorty/images/e/ef/PM-110.png/revision/latest/scale-to-width-down/150?cb=20160605234514"
"111",Morticia
"112","Single Snoozle Morty","https://vignette.wikia.nocookie.net/rickandmorty/images/4/49/PM-112.png/revision/latest/scale-to-width-down/150?cb=20160602171105"
"113","Double Snoozle Morty","https://vignette.wikia.nocookie.net/rickandmorty/images/a/a7/PM-113.png/revision/latest/scale-to-width-down/150?cb=20160602171122"
"114","Triple Snoozle Morty","https://vignette.wikia.nocookie.net/rickandmorty/images/7/7f/PM-114.png/revision/latest/scale-to-width-down/150?cb=20160602171139"
"115","Super Morty Fan Morty","https://vignette.wikia.nocookie.net/rickandmorty/images/8/8a/PM-115.png/revision/latest/scale-to-width-down/150?cb=20160904135913"
"116","Super Rick Fan Morty","https://vignette.wikia.nocookie.net/rickandmorty/images/7/79/PM-116.png/revision/latest/scale-to-width-down/150?cb=20160904141303"
"117","Blob Morty","https://vignette.wikia.nocookie.net/rickandmorty/images/6/6f/PM-117.png/revision/latest/scale-to-width-down/150?cb=20160602172527"
"118","Jelly Morty","https://vignette.wikia.nocookie.net/rickandmorty/images/1/1b/PM-118.png/revision/latest/scale-to-width-down/150?cb=20160602173041"
"119","Goo Morty","https://vignette.wikia.nocookie.net/rickandmorty/images/0/07/PM-119.png/revision/latest/scale-to-width-down/150?cb=20160916021512"
"120","Infected Morty","https://vignette.wikia.nocookie.net/rickandmorty/images/1/13/PM-120.png/revision/latest/scale-to-width-down/150?cb=20160605235808"
"121","Parasitic Morty","https://vignette.wikia.nocookie.net/rickandmorty/images/5/5c/PM-121.png/revision/latest/scale-to-width-down/150?cb=20160602173518"
"122","Host Morty","https://vignette.wikia.nocookie.net/rickandmorty/images/f/f1/PM-122.png/revision/latest/scale-to-width-down/150?cb=20160602173539"
"123","Strawberry Morty","https://vignette.wikia.nocookie.net/rickandmorty/images/0/0a/PM-123.png/revision/latest/scale-to-width-down/150?cb=20160916022504"
"124","Orange Morty","https://vignette.wikia.nocookie.net/rickandmorty/images/7/75/PM-124.png/revision/latest/scale-to-width-down/150?cb=20160916022615"
"125","Banana Morty","https://vignette.wikia.nocookie.net/rickandmorty/images/4/45/PM-125.png/revision/latest/scale-to-width-down/150?cb=20160916022635"
"126","Stoned Morty","https://vignette.wikia.nocookie.net/rickandmorty/images/a/a2/PM-126.png/revision/latest/scale-to-width-down/150?cb=20160916022820"
"127","Petrified Morty","https://vignette.wikia.nocookie.net/rickandmorty/images/1/13/PM-127.png/revision/latest/scale-to-width-down/150?cb=20160916022834"
"128","Boulder Morty","https://vignette.wikia.nocookie.net/rickandmorty/images/5/5b/PM-128.png/revision/latest/scale-to-width-down/150?cb=20160916022843"
"129","Reptile Morty","https://vignette.wikia.nocookie.net/rickandmorty/images/a/a0/PM-129.png/revision/latest/scale-to-width-down/150?cb=20160916022959"
"130","Raptor Morty","https://vignette.wikia.nocookie.net/rickandmorty/images/4/4c/PM-130.png/revision/latest/scale-to-width-down/150?cb=20160916023008"
"131","Mortysaurus","https://vignette.wikia.nocookie.net/rickandmorty/images/0/0a/PM-131.png/revision/latest/scale-to-width-down/150?cb=20160916023016"
"132","Dog Bite Morty","https://vignette.wikia.nocookie.net/rickandmorty/images/3/3f/PM-132.png/revision/latest/scale-to-width-down/150?cb=20160903122856"
"133","Dog Morty","https://vignette.wikia.nocookie.net/rickandmorty/images/c/cc/PM-133.png/revision/latest/scale-to-width-down/150?cb=20160903122957"
"134","Werewolf Morty","https://vignette.wikia.nocookie.net/rickandmorty/images/6/64/PM-134.png/revision/latest/scale-to-width-down/150?cb=20160903123124"
"135","Boot Camp Morty","https://vignette.wikia.nocookie.net/rickandmorty/images/f/fc/PM-135.png/revision/latest/scale-to-width-down/150?cb=20160916023132"
"136","Shell Shocked Morty","https://vignette.wikia.nocookie.net/rickandmorty/images/7/7e/PM-136.png/revision/latest/scale-to-width-down/150?cb=20160903123927"
"137","Renegade Morty","https://vignette.wikia.nocookie.net/rickandmorty/images/9/91/PM-137.png/revision/latest/scale-to-width-down/150?cb=20160903123905"
"138","Headism Morty*","https://vignette.wikia.nocookie.net/rickandmorty/images/d/d2/PM-138.png/revision/latest/scale-to-width-down/150?cb=20160903123617"
"139","Turbulent Juice Morty*","https://vignette.wikia.nocookie.net/rickandmorty/images/d/d1/PM-139.png/revision/latest/scale-to-width-down/150?cb=20160903123522"
"140","Jerry Fan Morty*","https://vignette.wikia.nocookie.net/rickandmorty/images/c/c7/PM-140.png/revision/latest/scale-to-width-down/150?cb=20160904142356"
"141","Exoskeleton Morty*","https://vignette.wikia.nocookie.net/rickandmorty/images/c/cc/PM-141.png/revision/latest/scale-to-width-down/150?cb=20160902184750"
"142","Sexy Devil Morty*","https://vignette.wikia.nocookie.net/rickandmorty/images/5/58/PM-142.png/revision/latest/scale-to-width-down/150?cb=20160902182749"
"143","Summer Morty","https://vignette.wikia.nocookie.net/rickandmorty/images/d/dc/PM-143.png/revision/latest/scale-to-width-down/150?cb=20160923033424"
"144","Jerry Morty","https://vignette.wikia.nocookie.net/rickandmorty/images/5/5d/PM-144.png/revision/latest/scale-to-width-down/150?cb=20160923033458"
"145","Beth Morty","https://vignette.wikia.nocookie.net/rickandmorty/images/e/e5/PM-145.png/revision/latest/scale-to-width-down/150?cb=20160923033557"
"146","Rick Morty","https://vignette.wikia.nocookie.net/rickandmorty/images/4/49/PM-146.png/revision/latest/scale-to-width-down/150?cb=20160923032800"
"147","Cabin Boy Morty","https://vignette.wikia.nocookie.net/rickandmorty/images/0/02/PM-147.png/revision/latest/scale-to-width-down/150?cb=20160923032903"
"148","Swashbuckle Morty","https://vignette.wikia.nocookie.net/rickandmorty/images/6/63/PM-148.png/revision/latest/scale-to-width-down/150?cb=20160923032943"
"149","Cap'n Morty","https://vignette.wikia.nocookie.net/rickandmorty/images/a/a6/PM-149.png/revision/latest/scale-to-width-down/150?cb=20160923033119"
"150","Miami Morty","https://vignette.wikia.nocookie.net/rickandmorty/images/8/83/PM-150.png/revision/latest/scale-to-width-down/150?cb=20160923033238"
"151","New Blood Morty","https://vignette.wikia.nocookie.net/rickandmorty/images/b/b6/PM-151.png/revision/latest/scale-to-width-down/150?cb=20161108033007"
"152","Count Morty","https://vignette.wikia.nocookie.net/rickandmorty/images/f/f7/PM-152.png/revision/latest/scale-to-width-down/150?cb=20161108032919"
"153","Old One Morty","https://vignette.wikia.nocookie.net/rickandmorty/images/8/80/PM-153.png/revision/latest/scale-to-width-down/150?cb=20161108032828"
"154","Denim Shorts Morty","https://vignette.wikia.nocookie.net/rickandmorty/images/5/5b/PM-154.png/revision/latest/scale-to-width-down/150?cb=20161108032738"
"155","Double Denim Morty","https://vignette.wikia.nocookie.net/rickandmorty/images/4/49/PM-155.png/revision/latest/scale-to-width-down/150?cb=20161108032645"
"156","Triple Denim Morty","https://vignette.wikia.nocookie.net/rickandmorty/images/3/30/PM-156.png/revision/latest/scale-to-width-down/150?cb=20161108032551"
"157",Cup Morty
"158","Fawn Morty","https://vignette.wikia.nocookie.net/rickandmorty/images/7/72/PM-158.png/revision/latest/scale-to-width-down/150?cb=20161108032259"
"159","Seedling Morty","https://vignette.wikia.nocookie.net/rickandmorty/images/b/bc/PM-159.png/revision/latest/scale-to-width-down/150?cb=20170404222056"
"160","Morty of the Valley","https://vignette.wikia.nocookie.net/rickandmorty/images/f/f8/PM-160.png/revision/latest/scale-to-width-down/150?cb=20170404223405"
"161","Mortydrangea","https://vignette.wikia.nocookie.net/rickandmorty/images/e/ec/PM-161.png/revision/latest/scale-to-width-down/150?cb=20170404223420"
"162","Rookie Morty","https://vignette.wikia.nocookie.net/rickandmorty/images/4/46/PM-162.png/revision/latest/scale-to-width-down/150?cb=20170405000058"
"163","Detective Morty","https://vignette.wikia.nocookie.net/rickandmorty/images/4/47/PM-163.png/revision/latest/scale-to-width-down/150?cb=20170405000331"
"164","Hardboiled Morty","https://vignette.wikia.nocookie.net/rickandmorty/images/4/43/PM-164.png/revision/latest/scale-to-width-down/150?cb=20170405001238"
"165","Poorly Cloned Morty","https://vignette.wikia.nocookie.net/rickandmorty/images/6/67/PM-165.png/revision/latest/scale-to-width-down/150?cb=20170405203555"
"166","Kitchen Boy Morty","https://vignette.wikia.nocookie.net/rickandmorty/images/3/37/PM-166.png/revision/latest/scale-to-width-down/150?cb=20170405053534"
"167","Pastry Chef Morty","https://vignette.wikia.nocookie.net/rickandmorty/images/7/75/PM-167.png/revision/latest/scale-to-width-down/150?cb=20170405053826"
"168","Head Chef Morty","https://vignette.wikia.nocookie.net/rickandmorty/images/c/cd/PM-168.png/revision/latest/scale-to-width-down/150?cb=20170405054052"
"169","Skin Suit Morty","https://vignette.wikia.nocookie.net/rickandmorty/images/4/40/PM-169.png/revision/latest/scale-to-width-down/150?cb=20170405054457"
"170","Motion Capture Morty","https://vignette.wikia.nocookie.net/rickandmorty/images/1/1f/PM-170.png/revision/latest/scale-to-width-down/150?cb=20170405054718"
"171","Rainbow Suit Morty","https://vignette.wikia.nocookie.net/rickandmorty/images/6/6b/PM-171.png/revision/latest/scale-to-width-down/150?cb=20170405055022"
"172","Loner Morty","https://vignette.wikia.nocookie.net/rickandmorty/images/2/2c/PM-172.png/revision/latest/scale-to-width-down/150?cb=20170405055326"
"173","Dangerous Morty","https://vignette.wikia.nocookie.net/rickandmorty/images/0/0f/PM-173.png/revision/latest/scale-to-width-down/150?cb=20170405055622"
"174","Violent Morty","https://vignette.wikia.nocookie.net/rickandmorty/images/7/78/PM-174.png/revision/latest/scale-to-width-down/150?cb=20170405055832"
"175","Birdosaur Morty","https://vignette.wikia.nocookie.net/rickandmorty/images/9/98/PM-175.png/revision/latest/scale-to-width-down/150?cb=20170405060128"
"176","Volcan Morty","https://vignette.wikia.nocookie.net/rickandmorty/images/e/e3/PM-176.png/revision/latest/scale-to-width-down/150?cb=20170405060342"
"177","Prancer Morty","https://vignette.wikia.nocookie.net/rickandmorty/images/1/15/PM-177.png/revision/latest/scale-to-width-down/150?cb=20170405060600"
"178","Ace Pilot Morty","https://vignette.wikia.nocookie.net/rickandmorty/images/3/38/PM-178.png/revision/latest/scale-to-width-down/150?cb=20170406070024"
"179","Survivor Morty","https://vignette.wikia.nocookie.net/rickandmorty/images/c/c8/PM-179.png/revision/latest/scale-to-width-down/150?cb=20170725225257"
"180","Survivalist Morty","https://vignette.wikia.nocookie.net/rickandmorty/images/3/36/PM-180.png/revision/latest/scale-to-width-down/150?cb=20170725225540"
"181","Wild Man Morty","https://vignette.wikia.nocookie.net/rickandmorty/images/2/2a/PM-181.png/revision/latest/scale-to-width-down/150?cb=20170716053715"
"199",Girl Morty
"200","Lawyer Morty","https://vignette.wikia.nocookie.net/rickandmorty/images/f/f9/Lawyer-NotLawyer_Morty.png/revision/latest/scale-to-width-down/250?cb=20170402102431"
"226","Big Morty","https://vignette.wikia.nocookie.net/rickandmorty/images/8/84/BigMorty.png/revision/latest/scale-to-width-down/250?cb=20170912070441"
